Unnamed: 0,agent,group,AS_fit,DB_fit,VS_fit,SG_fit,r2_AS,r2_DB,r2_VS,r2_SG,r2_ASG,fit_AS,fit_DB,fit_VS,fit_SG,fit_ASG,id,model,lambda,beta,tau,par,initial_eps_soc,eta_eps_soc
240,1,0,367.942915741851,368.47102308103007,393.5566647869498,361.5401777311723,0.31498163366324067,0.3139984289016935,0.2672951916203029,0.3269019423429561,0.33659797084813775,367.942915741851,368.4710230810301,393.5566647869498,361.5401777311723,356.33216408565374,0,ASG,0.8218861171588188,0.15343912468411974,0.06374574075488637,,14.883714104760005,0.06967248240255264
6960,4,0,319.9088885407179,316.9454452082656,353.5020756928368,298.632073223507,0.42155019782996594,0.4486632020154596,0.3344612550402821,0.4490077764807263,0.4485222599294728,310.7018983431277,296.13872995994996,357.4798551302872,295.9536491801186,296.21443397697664,1,SG,0.6139611590559073,0.2650047129087475,0.035726240957157346,17.286421080944606,,
20400,2,0,310.7018983431277,296.13872995995,357.4798551302872,295.9536491801186,0.483038487601192,0.4791140512812885,0.3674494318262793,0.4847145631152634,0.4848429605329697,277.6747829631547,279.78270971833115,339.76096385945016,276.77451496749666,276.7055490498422,2,ASG,0.8679335549869934,0.01161596790276058,0.07464160963160175,,4.059349493435963,0.008349702572125419
21360,3,0,277.6747829631547,279.7827097183312,339.7609638594501,276.77451496749666,0.4044090677410344,0.4099262635436365,0.3418668928588451,0.44402121583759036,0.4544698782804345,319.90888854071795,316.9454452082656,353.50207569283685,298.63207322350695,293.01979840906426,3,ASG,1.1232143543359268,0.03461621138043989,0.06678570163243769,,15.360448740952327,0.08151027780906196
6000,3,1,402.467535465686,403.60980861342927,404.2606091290875,402.1372143339784,0.2965857240368696,0.293076027546572,0.2886946609529505,0.3034699287364383,0.30346877114791193,377.8238838417968,379.70904199735816,382.0623990438443,374.1261810148367,374.12680278867305,4,SG,0.9996093384518736,0.35571014223836334,0.05361942067691659,16.003427709506326,,
24480,4,1,378.04338065836936,378.514256385994,378.2847968502921,378.336031688348,0.27150615386710253,0.266524313849105,0.254201035254473,0.27588061058847313,0.2758800111076813,391.29483677867034,393.97072523956496,400.58990989275276,388.94519122178554,388.9455132200287,5,SG,0.9144237709535388,0.3808896584579697,0.05332212156043595,18.46701826802404,,
25680,2,1,391.29483677867034,393.9707252395649,400.5899098927528,388.94519122178554,0.2507053625630459,0.24857873353419302,0.247367104536938,0.2513203385072156,0.251296146460282,402.46753546568607,403.6098086134292,404.2606091290876,402.13721433397836,402.15020857285424,6,SG,0.8783702956257193,0.37743306305115903,0.05275882449565132,11.284836943024185,,
27120,1,1,377.8238838417968,379.70904199735816,382.0623990438443,374.1261810148367,0.2961770754550604,0.2953004217463331,0.2957276184378905,0.2956322318886105,0.2956134245039762,378.0433806583694,378.51425638599403,378.2847968502921,378.33603168834804,378.3461336714187,7,AS,0.7166913768449109,0.4869785223476153,0.039947164960063106,,,
4320,4,2,406.1457826439096,409.31133034411096,429.13698556124353,412.979543061241,0.271902912275097,0.2794545657422234,0.27656675062597835,0.2905607476430393,0.28423489698611537,383.40865988874947,379.42106316250226,381.1190759591423,373.8529140007464,377.2639592556716,8,SG,1.2239490847917898,0.2527661114374438,0.07638601900849612,3.7689708622454794,,
20160,1,2,383.4086598887494,379.42106316250226,381.1190759591424,373.8529140007464,0.3246441802695176,0.31800909466254873,0.3222863233043548,0.3286198918744119,0.32861281446868046,362.75288617984467,366.3167800320348,364.0193584516811,360.6174180056463,360.6212194822616,9,SG,0.8313298958046276,0.34635508571604334,0.05094448856833744,5.590885080403065,,
23040,2,2,362.75288617984467,366.3167800320349,364.0193584516811,360.61741800564624,0.28658055728658277,0.28026456567174296,0.2705740318639922,0.29727670290445585,0.29727220554805694,383.19794446190906,386.59044382363095,391.7955061103346,377.4527393707146,377.45515502919596,10,SG,0.9312621869470895,0.43046766042848716,0.041942022113410846,15.005830139924992,,
29280,3,2,383.197944461909,386.59044382363095,391.7955061103345,377.45273937071465,0.24385737945150998,0.2379639154890879,0.20105346724465328,0.2311346140530275,0.2375931656259199,406.14578264390957,409.311330344111,429.13698556124353,412.979543061241,409.51047067723005,11,AS,0.8633621340043384,0.4072525988279327,0.04706975279875308,,,
10560,2,4,449.2061868174588,446.3495175428797,407.2350533946534,431.687410496337,0.28996089760955945,0.2870534581060252,0.27922364249703646,0.28294418978104363,0.28294881983956344,381.3822671957839,382.9439359346737,387.1495533698653,385.15114123508755,385.14865429850954,12,AS,1.4241184716169175,0.19790726383064072,0.08509818573482382,,,
12960,1,4,381.382267195784,382.9439359346736,387.1495533698653,385.1511412350875,0.1636895967363769,0.16900800575015307,0.24182942772788857,0.19630520916505467,0.1902113783065886,449.20618681745873,446.3495175428797,407.2350533946534,431.68741049633707,434.9605809750968,13,VS,0.9161627214291994,0.3849764600217867,0.05224331119890289,0.116,,
18480,3,4,275.6887188496287,273.5542620055959,274.2918542720889,273.95203758917944,0.4867360459350566,0.49070987469424776,0.4893366610032137,0.4899693153064262,0.49029505444907395,275.68871884962863,273.5542620055959,274.2918542720889,273.95203758917944,273.77707379870765,14,DB,2.2486861457939264,0.021734332983341625,0.06155277169258229,0.21428570000000002,,
22080,4,4,391.8796060801516,392.7130843758224,405.4809130366125,394.5794651850232,0.26366994195369486,0.26207747950149685,0.2382020112540665,0.2579590308665044,0.2547564175993211,391.8796060801516,392.7130843758224,405.4809130366124,394.57946518502325,396.2992349785813,15,AS,0.8939785005349878,0.38995259374798,0.05410500423734317,,,
480,4,6,382.0185344450019,382.5767412034861,395.0957239122007,380.5098459487272,0.2231723064425542,0.22984382733308178,0.2341101628047627,0.2288541386900298,0.2321600001589008,413.60624724652706,410.00345932838184,407.8750645088156,410.56719908750154,408.95369887327024,16,VS,1.2609206952410397,0.24146362201647942,0.08035706937057728,0.14172186887184096,,
5040,1,6,413.606247246527,410.00345932838184,407.8750645088156,410.56719908750154,0.2735990456674675,0.26967928103085886,0.22531239972988004,0.24557236521651998,0.2497226189682751,390.1706848592458,392.2761023199896,416.1068205466445,405.2246148419307,402.9953950990273,17,AS,0.9420409292132499,0.38447846736077745,0.05025990339256452,,,
5520,3,6,434.0894695389557,424.2038584783247,433.1371838699755,441.170851783,0.19183317154503016,0.21023772521156994,0.19360609105330617,0.17864939577796335,0.19841690152901498,434.08946953895577,424.2038584783247,433.1371838699756,441.17085178299993,430.5531602576166,18,DB,0.7559942132233168,0.44964888549758614,0.04445313185763892,0.21428570000000002,,
11280,2,6,390.17068485924585,392.2761023199896,416.1068205466445,405.2246148419307,0.2887763259464957,0.2877370835384607,0.2644298456044694,0.2915851293907622,0.2915652882608235,382.01853444500193,382.57674120348605,395.0957239122007,380.50984594872716,380.52050318590506,19,SG,1.5350212070565417,0.17643969571752666,0.089542015260085,13.65212768474277,,
7440,3,8,398.453707129614,397.035725702478,401.0250163860847,398.57336614156696,-0.38179353043459574,0.030715473515098873,0.1949397879566117,0.16873964013038673,0.20183034599668032,735.0863209216961,513.4266751071823,424.93935771453744,439.41371660784216,421.94038012415626,20,ASG,1.006038338227373,0.37356811611523205,0.053592301936344525,,17.56873500036071,0.004667005687302742
8880,2,8,375.25189782912025,383.7442732050659,374.4039659776712,367.2614336241736,0.30137412349033493,0.2855634287943393,0.30295276209647143,0.31625038418666873,0.2918877014264899,375.25189782912025,383.74427320506595,374.40396597767125,367.2614336241735,380.347325872597,21,SG,2.3207420425799823,0.007365903388610422,0.09975673869064901,2.4462031294515616,,
13680,1,8,735.0863209216961,513.4266751071822,424.9393577145374,439.4137166078421,0.25110049906123766,0.25368159065030954,0.24626073366518575,0.25092878685376385,0.25093112997444256,398.45370712961403,397.035725702478,401.0250163860847,398.5733661415669,398.5720977386757,22,DB,1.087754995501749,0.20845690558049207,0.07541061427439155,0.24450159576273706,,
20880,4,8,397.8323641833288,393.5033290978074,399.6939863660723,397.78448744992704,0.2593349007976102,0.26739448943276417,0.25586902244583365,0.2594240353896822,0.25942735152843566,397.8323641833288,393.50332909780735,399.69398636607235,397.78448744992704,397.7827062571563,23,DB,0.8453757019148214,0.4590716761834679,0.04948542067598294,0.21428570000000002,,
5760,3,16,415.7735930053604,414.8886872407994,422.57287485746986,409.1086194715094,0.3293115076663329,0.32553678424309396,0.31890400416515585,0.3099341042892034,0.3095862266158229,360.24593142432525,362.2734431097314,365.8360985964768,370.6540878307215,370.840942857908,24,AS,0.5333202757931012,0.4919631702272599,0.030576173295861354,,,
18240,1,16,360.24593142432525,362.2734431097314,365.8360985964768,370.6540878307215,0.2747532257303035,0.26411794220433815,0.24791560788685701,0.26725975675553526,0.2742058155146005,389.55074180592015,395.2632561304795,403.9659923249533,393.5756978641667,389.8447714564677,25,AS,1.2347987718559947,0.19373639299112688,0.0653478385572325,,,
19200,2,16,389.5507418059201,395.2632561304795,403.96599232495333,393.5756978641668,0.2259327866871574,0.2275802615406392,0.21327421181772574,0.23834131281037696,0.22566116888134247,415.7735930053604,414.8886872407995,422.57287485746986,409.10861947150937,415.91948668113633,26,SG,1.07012092681984,0.27885974582652545,0.06670897357073259,16.59748557724256,,
19680,4,16,370.2036174577295,370.69524841432127,390.46994800136247,371.9964829169282,0.3107727682932866,0.3098574735007613,0.27304189198969053,0.3074348978917169,0.30462692037200495,370.2036174577295,370.69524841432127,390.46994800136247,371.99648291692824,373.50472778555195,27,AS,1.0200563814186387,0.37132575049531935,0.05907974344012118,,,
6720,2,19,370.2860504373114,364.1949524643719,369.9739403836557,364.2661398352715,0.4026562714959797,0.39746638208065255,0.38361671164242633,0.40031243822259377,0.4009896290756759,314.5175161765155,317.19931378323656,324.55064772984196,315.81562632269413,315.4519653261503,28,AS,1.3200205738948105,0.1807066429262773,0.07429628640916033,,,
10800,3,19,391.2495739307727,395.31742076670594,412.6831759931974,386.8066298521777,0.30515343748822943,0.31644831282863534,0.3054867350370989,0.31589769696190584,0.31347893305115526,370.2860504373115,364.1949524643719,369.97394038365564,364.2661398352715,365.56463057507403,29,DB,0.5596268021231007,0.5358176836183671,0.033331194204943355,0.21428570000000002,,
21120,4,19,350.2920982218156,352.6706895627035,354.9854650667841,352.3729328178348,0.2715904220532696,0.26401710109819454,0.23168637595983807,0.27986208095532605,0.2798461356939996,391.24957393077267,395.317420766706,412.68317599319744,386.8066298521777,386.8151945071316,30,SG,0.9470039372045553,0.2053158780926921,0.06386396894935949,6.718489986097712,,
31440,1,19,314.5175161765156,317.19931378323656,324.55064772984196,315.81562632269413,0.3478430740247288,0.34341472743940965,0.33910519009978013,0.3439690765794779,0.3429888552948325,350.2920982218156,352.6706895627035,354.9854650667842,352.3729328178348,352.8994376464183,31,AS,1.3209986771139464,0.10672990669078683,0.06699892106368938,,,
22560,3,23,295.96054623726343,289.8271015065489,295.74574610636046,298.30600738349835,0.3676575906313335,0.3736282571835961,0.3407783563091496,0.3648291204174275,0.3645290730897426,331.00374890275856,327.9217906847081,345.78749007501483,332.78607918492196,332.9306463066497,32,DB,1.2163595875978799,0.09448014662014756,0.0632170483618164,0.21497857251344307,,
26640,2,23,394.6507572767094,394.23873985637977,439.8084294167361,396.1058822698874,0.26525826301564326,0.26602533716791343,0.1811858879990924,0.26254918151686557,0.2692399233654047,394.65075727670944,394.23873985637977,439.8084294167361,396.1058822698874,392.51209386185917,33,ASG,0.7567454586182694,0.389945079000616,0.049460715200551245,,7.8509321272177335,0.009941092944595002
28800,4,23,305.2533103776147,303.18578147091443,369.8350927667421,312.8670783678351,0.4489949358725348,0.4604138873177058,0.44939484039159155,0.44462826948500356,0.444925150350409,295.9605462372635,289.82710150654896,295.74574610636046,298.30600738349835,298.14654419738054,34,DB,1.181268139133611,0.18697949402647943,0.05833409803941013,0.21630724688483488,,
29520,1,23,331.0037489027585,327.9217906847081,345.78749007501483,332.786079184922,0.3448515877239257,0.34746528172971053,0.22041300374609368,0.3244297117201524,0.33346665744275206,305.25331037761475,303.1857814709145,369.8350927667421,312.8670783678351,308.0206567069843,35,DB,1.5817316735740978,0.008651749463187662,0.08643267277100714,0.21428570000000002,,
11520,4,25,378.746303849929,380.6200745838387,391.33352501901265,390.9467157991118,0.37470289199358564,0.3662980916452673,0.3824587236216106,0.3976068644312378,0.398083357088006,332.46284274538954,336.8609519855486,328.4132611833825,320.29376451113535,320.0390213876549,36,ASG,1.7410068245468195,0.16890889235328538,0.08198268870169652,,9.840430840642084,0.04557361600104201
18720,3,25,376.7361122124349,372.1013689576328,406.5333134738507,376.34985673421903,0.23342655247952843,0.22649608908960728,0.2222089597074673,0.22546538089185428,0.23022273838978738,407.90891427670635,411.59778138657225,413.4934059023217,412.3045210150189,409.7491761209171,37,AS,1.0072957100978739,0.39300829277990895,0.05554259692586206,,,
21600,1,25,332.4628427453895,336.8609519855486,328.4132611833825,320.2937645111354,0.2920155256700874,0.30062592908308966,0.23533387417250817,0.29283631742266714,0.2912182472847489,376.7361122124349,372.10136895763276,406.5333134738506,376.34985673421903,377.2189739614347,38,DB,0.8803543519077006,0.24841349605618834,0.05363884689506893,0.21428570000000002,,
22320,2,25,407.9089142767063,411.59778138657225,413.49340590232174,412.3045210150189,0.2948684069748654,0.2913799110367265,0.2714341259680403,0.2721542687091124,0.2897630270013984,378.74630384992906,380.6200745838387,391.33352501901265,390.94671579911187,381.48854914687337,39,AS,0.842029766757998,0.41273088748038056,0.048888561997872906,,,
7680,2,26,408.64888102785625,394.94659896789693,397.7812976090896,392.9380247043257,0.1786692548468019,0.1619273632610378,0.19592487119179744,0.17524079757567762,0.1628578057763405,436.7980092431347,445.6485870258103,427.4966519087824,438.44607330811766,445.0569145946888,40,VS,2.459835267429854,0.007229822106848746,0.12017365740840269,0.11640929976250586,,
8160,3,26,294.64005563909103,299.98271368471086,301.7917489406512,291.51090608532735,0.23192098910515332,0.2574472737372299,0.2520519968496958,0.2610698435014538,0.2571352394241432,408.64888102785625,394.94659896789693,397.7812976090895,392.9380247043257,395.05138230996425,41,SG,1.6584819857338795,0.01035835619804759,0.07353273735931286,3.398400080307927,,
9360,4,26,386.1165282365868,382.8354572342374,387.2896206192105,388.8948000541883,0.45145336155114674,0.44150665859879473,0.43813868404988604,0.45727906120083506,0.4572012859773209,294.64005563909103,299.9827136847109,301.7917489406512,291.5109060853273,291.55268137766774,42,SG,1.4029273223710057,0.24605191491465883,0.07466450909430658,11.029890684258868,,
9600,1,26,436.7980092431347,445.6485870258103,427.4966519087825,438.44607330811766,0.2811468788440564,0.2872554185161213,0.2789628720508105,0.2759744264328023,0.28472517594484814,386.1165282365869,382.8354572342374,387.2896206192105,388.8948000541883,384.19452273519175,43,DB,1.3119296052213412,0.21996849205417987,0.08418693343988587,0.21428570000000002,,
14160,1,28,374.26130546420046,377.98314954558464,388.8915550146609,374.0150750498729,0.28570951845088866,0.2789300724828531,0.2581383720002511,0.2863115982987011,0.28629918527891385,374.26130546420046,377.98314954558464,388.891555014661,374.0150750498729,374.0216242630126,44,SG,0.7695770828702977,0.4435270114131184,0.040748727678145275,18.497417622353453,,
14880,4,28,393.7356337938368,390.9062131393636,399.74030480973454,395.5392312056501,0.20196018357149617,0.19730016342077675,0.2155293312678001,0.19893852810997842,0.21263117806674733,423.9984416044985,426.4472125121406,416.68355589834624,425.6665822116782,418.3118653039187,45,VS,1.7093411876649454,0.08699814516033454,0.10048964722413983,0.12919501407426223,,
16800,3,28,420.36119247954014,412.6216290307224,408.8088315520676,409.1447878865472,0.21739181534959584,0.2318009611247751,0.23889944349325598,0.23827397620047858,0.23269637160623374,420.36119247954014,412.6216290307224,408.8088315520676,409.1447878865472,412.1406785051247,46,VS,2.005780390319421,0.03608064243851312,0.10334136153151799,0.17465178698520692,,
27600,2,28,423.99844160449845,426.4472125121406,416.68355589834624,425.66658221167825,0.2669619957589954,0.2722296746066743,0.25578278900240725,0.2636041451258922,0.268239135616964,393.7356337938367,390.9062131393636,399.74030480973454,395.5392312056501,393.0496455251366,47,DB,1.7634364451897997,0.04765068257525173,0.10742558466873708,0.21428570000000002,,
10320,4,29,403.4063746354346,408.89598369694806,405.4396321005539,400.8544152123562,0.2870562540775245,0.2925594337058213,0.2869942431848969,0.2845204829230316,0.2803073860415283,378.94528080580847,375.9699321738127,378.9632180967829,380.1010879989094,382.2021092295504,48,DB,0.8394684291969311,0.3683371226924126,0.052960757152165534,0.21428570000000002,,
12720,3,29,540.4237880167532,472.29432536984274,408.2602790388244,524.066261891361,0.1714192770808078,0.15295437278522683,0.18435804632153574,0.1529617185060304,0.14997059787923805,445.05435489083237,454.9723819967951,438.1045726448422,454.96843640049656,456.57505265904,49,VS,1.8504515237891166,0.006737946999085468,0.1286419459369131,0.11688805314606666,,
16320,1,29,378.94528080580847,375.9699321738128,378.9632180967829,380.1010879989094,-0.006134931692752532,0.12070521444157757,0.23992071209334354,0.02431872115482299,0.2345452828918138,540.4237880167532,472.2943253698428,408.26027903882436,524.066261891361,411.14757548366515,50,VS,0.7914356227038861,0.39536231746793693,0.049426057597169754,0.116,,
24720,2,29,445.0543548908323,454.9723819967951,438.1045726448423,454.96843640049656,0.2489574770982112,0.23873718783523262,0.2451720564595507,0.253708592013497,0.24791737984844173,403.40637463543453,408.89598369694806,405.4396321005539,400.8544152123561,403.9650405538124,51,SG,2.9651019939276777,0.006737946999085468,0.14998477132642957,12.866605368163244,,
2400,4,30,375.24518478040454,387.68750459775634,376.19525142485446,358.55352558859323,0.246927137589114,0.23439119080151088,0.23228139639294093,0.23577511190013575,0.2405947679793109,404.4969279339075,411.23034274332565,412.3635735360362,410.48699922261426,407.89822438417025,52,AS,0.6018318417853872,0.4077264001262257,0.0319206102761077,,,
25440,1,30,404.4969279339075,411.2303427433257,412.3635735360362,410.48699922261426,0.30764183127582967,0.308534808319088,0.2777998430543328,0.3089824235452262,0.3089806666714658,371.8853330902135,371.40568963372624,387.9143166873535,371.16526272033343,371.16620638737334,53,SG,1.883955783379053,0.11314046313543377,0.11251649369431363,16.486644725357763,,
27360,3,30,381.4741485076663,368.50536234911226,396.9975877901494,381.3240257211779,0.28978983741660636,0.313934497709336,0.26088904720632505,0.29006932877668024,0.3160930277406909,381.4741485076663,368.50536234911226,396.9975877901494,381.32402572117786,367.3459542624353,54,ASG,0.9206387126302696,0.38220469595223255,0.052515585782702635,,5.8265151538867705,0.006302721371005424
29040,2,30,371.8853330902135,371.40568963372624,387.9143166873535,371.1652627203335,0.301386621520512,0.2782221108584785,0.2996178332850328,0.33246234718836715,0.3323512684177572,375.24518478040454,387.6875045977563,376.1952514248544,358.5535255885933,358.613189166599,55,SG,0.8401130201519362,0.44200397681480097,0.05058591066782571,16.76655069273259,,
3360,2,32,323.5885905419947,330.20526217541806,360.2508213639387,326.18713093202814,0.30190557161551773,0.2921433338750702,0.21456836153100406,0.2884230903914632,0.2834189651170742,374.96644187296687,380.21001838843154,421.8777501100028,382.20826734334355,384.89612585149195,56,AS,1.5511333215249767,0.006737946999085468,0.07176930158438902,,,
3840,1,32,374.9664418729669,380.21001838843154,421.8777501100028,382.2082673433435,0.3975583761101371,0.3852397761344427,0.3293024038127127,0.39272053899822573,0.3926591487323674,323.5885905419947,330.20526217541806,360.2508213639387,326.18713093202814,326.22010539596675,57,AS,0.5187879627204413,0.44842240848552495,0.015218559224273103,,,
5280,3,32,237.46164752973633,251.81857606539617,239.12921967771197,235.41383757027347,0.5579053627639847,0.5311763259749972,0.5548007574035261,0.5617178765344186,0.5617259577545515,237.4616475297363,251.81857606539612,239.12921967771197,235.41383757027342,235.40949691629316,58,ASG,0.726865627226444,0.011440609631946683,0.0735007251018488,,7.729048627240548,0.01845218433264815
8400,4,32,380.7659970279668,384.302106582723,430.1962597618236,385.6188485910315,0.2911082396713818,0.2845248815287117,0.19908136165071616,0.2820734347938293,0.2919765024074443,380.7659970279668,384.302106582723,430.1962597618236,385.6188485910315,380.29962833124813,59,ASG,0.5913433741044264,0.5129570311248534,0.03664161968049702,,18.999999999999996,0.012629789661085931
11040,2,34,354.75984765355423,354.86976453132445,353.5730805721513,347.675687899923,0.34886491724097457,0.34107206375041865,0.3360144031248061,0.3436589131354805,0.34438762027944786,349.74323706583357,353.9290010922752,356.6456149655239,352.5395304560138,352.1481210508805,60,AS,1.5068179604790277,0.009479054692471452,0.08601522634938036,,,
15600,4,34,404.82979664481866,407.777750164546,410.659754379121,407.74370391228223,0.332599043708506,0.3323756510762922,0.33458582851067087,0.34595894039775144,0.34591003888740446,354.7598476535542,354.86976453132445,353.5730805721513,347.675687899923,347.7018208944407,61,SG,1.2269432690365214,0.2263287973992717,0.076218435644842,18.999999999999996,,
18000,3,34,348.44748989840235,352.6756694299113,386.8548625403461,347.14298602689007,0.35127727679416676,0.3434054561629336,0.2797722836638453,0.3537059391564835,0.35152990252835814,348.4474898984023,352.6756694299113,386.8548625403462,347.14298602689007,348.31179740635,62,SG,0.9887869288100988,0.4083311732667356,0.054684285823675405,16.680709255989974,,
28560,1,34,349.74323706583357,353.92900109227514,356.6456149655239,352.5395304560138,0.2463074186849105,0.24081906106821654,0.23545348468563193,0.24088244673786208,0.24609130983842742,404.8297966448186,407.777750164546,410.659754379121,407.74370391228223,404.94587487425036,63,AS,2.0374766632414656,0.006740829359725752,0.08140002350953755,,,
7920,3,35,395.2610632747528,396.2927514296967,403.6607215457774,403.0110102446397,0.21983933528777105,0.2191026274291907,0.1986238636730251,0.19405319305909868,0.20792840749198394,414.8684773259893,415.251757512425,426.19434355088686,428.6430640261965,421.06799738472915,64,AS,1.2616332974320534,0.27122108849001614,0.06382283819592102,,,
13200,2,35,347.0824617393028,350.8954262072073,351.3538819056787,349.1303296719061,0.35381862035466094,0.34671982709365257,0.34586629639590444,0.35000599865263166,0.34930131295389055,347.08246173930286,350.8954262072073,351.3538819056787,349.1303296719061,349.5088364732097,65,AS,1.2007391725169003,0.08856767752059713,0.07416292755978562,,,
16080,4,35,397.4449883846303,396.0683235401109,404.9882239955547,395.0409466910908,0.25642819760605673,0.2544281983171712,0.24055562277875497,0.24184831557810577,0.2437796842641642,395.2610632747528,396.2927514296967,403.6607215457774,403.0110102446397,401.9726201431656,66,AS,0.8708380597557495,0.4101248506190857,0.05446773269082962,,,
23520,1,35,414.8684773259893,415.251757512425,426.19434355088686,428.6430640261965,0.26005609836774923,0.2626191065476582,0.24601246628783688,0.26453182719159024,0.2506803057455136,397.4449883846303,396.0683235401109,404.98822399555473,395.04094669109077,402.4809941975319,67,SG,1.1366320735934357,0.17809714255990888,0.07478648772995462,18.999999999999996,,
9840,2,36,370.06191740344735,372.1009334597071,368.0115187192704,368.3013032495679,0.2841471380892543,0.2810279888558814,0.2695743568640884,0.28181460380525003,0.2837109886976124,364.27445134537135,365.88931640109035,372.2045572172128,365.41741496417626,364.67273866224025,68,AS,0.7019864237735088,0.48508480877171584,0.045603885200150907,,,
23280,1,36,364.2744513453714,365.8893164010903,372.2045572172128,365.41741496417626,0.30532580119459846,0.3016002116614864,0.30899019457303933,0.3086268893421503,0.3086230126581412,370.0619174034474,372.1009334597071,368.0115187192703,368.3013032495679,368.30335058639855,69,VS,1.1888835174268477,0.23118484971691403,0.0664589927640876,0.116,,
24240,4,36,382.4444743297307,383.44786664097114,388.57992799456395,380.58512731384326,0.3853281103516246,0.3890073817797659,0.3629844494802972,0.40341920691837446,0.39647558112247666,330.1578153462133,328.18157365167974,342.1592333130153,320.44057104029207,324.1701906340345,70,SG,0.6117443165849982,0.5012033156670028,0.03720023112816854,17.528648310316683,,
30480,3,36,330.15781534621334,328.18157365167974,342.1592333130153,320.44057104029207,0.2879833316218018,0.28611526423299244,0.27656064004002484,0.2914449741777085,0.2914492736652554,382.44447432973067,383.44786664097114,388.5799279945639,380.58512731384326,380.58281793636957,71,ASG,0.8891740153379151,0.39939086022118053,0.04497094920557217,,9.265990862499724,0.003945449654511432
2880,2,37,372.8441407420271,373.6920886849865,395.5906153521057,378.5889122928693,0.31789455856799936,0.2933027306055768,0.267049510788392,0.3010105176126948,0.2895403187621257,366.37830063740415,379.5872733140105,393.688626973772,375.44720092371495,381.60817209852644,72,AS,0.8280278262923728,0.4032671677990752,0.05054066161104725,,,
15360,3,37,310.3359272211162,312.01302272667056,335.83472284235006,311.59107337575495,0.30585676945461676,0.3042781008900827,0.2635084806014383,0.295161430981252,0.29877825432570326,372.8441407420271,373.6920886849865,395.5906153521057,378.5889122928693,376.64621324642303,73,AS,1.2883378872228946,0.14081148642369756,0.06393798168646936,,,
26400,4,37,309.0288808358051,312.00946287316174,311.7787588108372,306.5929231008239,0.4222315452058795,0.4191092097178073,0.3747591179006954,0.41989477465920133,0.4201337840838618,310.3359272211162,312.01302272667056,335.83472284235006,311.59107337575495,311.46269459217626,74,AS,0.9105107190029227,0.025982751013297858,0.07155126776827288,,,
30720,1,37,366.3783006374042,379.5872733140105,393.688626973772,375.44720092371495,0.4246649410977043,0.419115837281298,0.41954535097246987,0.42920008966747025,0.4291492745525985,309.028880835805,312.00946287316174,311.7787588108372,306.59292310082395,306.62021734934115,75,SG,2.0712415346285518,0.1009802750135583,0.1049322971261709,2.847447416598238,,
7200,4,38,266.87282209702136,260.6798893444293,264.2713006091206,260.23325825799355,0.23547987851691687,0.2404399847912731,0.19179408477900062,0.24151400004521198,0.250204688022164,406.8971994408015,404.1886504467747,429.3115607093863,403.8006021160812,399.13265236762663,76,ASG,0.9195657704705273,0.009411897036277529,0.06339462027215065,,7.593964306279221,0.009154469811868165
12480,1,38,406.8971994408014,404.1886504467747,429.3115607093863,403.8006021160812,0.23897593519786522,0.23474236137164067,0.17623335642954213,0.23623769979094697,0.23623668868965697,408.76774567436405,411.04171900731217,442.4685754734742,410.23853006368915,410.23907315504994,77,AS,0.7392221225182559,0.3851702094355161,0.03164771002168433,,,
17520,3,38,442.4314715325641,423.3473984114025,448.55294687371344,435.1848226734848,0.1763024347563681,0.2118322412377662,0.1649057673431355,0.18979389593276808,0.20539398558646488,442.43147153256405,423.3473984114025,448.55294687371344,435.1848226734848,426.80556927665884,78,DB,0.5230519705247216,0.436019432469063,0.02321018229562728,0.22872004175897975,,
21840,2,38,408.76774567436416,411.04171900731217,442.4685754734742,410.2385300636891,0.5031490571193826,0.5146787604932355,0.5079924442954578,0.5155102766988636,0.5219952119209748,266.8728220970214,260.6798893444293,264.2713006091206,260.2332582579935,256.7500144629687,79,ASG,0.6311145615149834,0.5887046082368113,0.039001057254901175,,18.999999999999996,0.00318744798384054
1200,2,39,331.29275051042606,336.6640429564354,359.5393767117097,336.12146342539467,-0.03341042084090379,0.19656266225880709,0.227297998639725,0.26824612628081995,0.2548112509942731,555.0742317108751,431.5491250916864,415.0402987009761,393.04589064005836,400.2621456026735,80,SG,1.2094780429863592,0.10203056750650959,0.0673244316464179,15.3429728114645,,
2160,1,39,555.0742317108751,431.54912509168634,415.04029870097617,393.0458906400584,0.3832151428264321,0.3732151297291185,0.3306269371371997,0.374225278119153,0.3826040460449267,331.2927505104261,336.66404295643537,359.5393767117097,336.1214634253947,331.6209880331512,81,AS,1.8706694589317954,0.16796941802514082,0.09112057077827765,,,
13440,3,39,266.1002125572056,273.2330806297641,264.1399146387394,238.10397041458003,0.5045874642802155,0.49130783468194444,0.5082370523554027,0.5567095170107128,0.5558128692998235,266.1002125572056,273.2330806297641,264.1399146387394,238.10397041458003,238.5855854914168,82,SG,0.61010718365528,0.24291557877353243,0.0411614743057121,12.919948207576098,,
27840,4,39,356.7456081182071,355.52610153377617,384.62180954253535,355.5863393218149,0.3358282406980672,0.33809865921263355,0.28392967398462254,0.3379865114054912,0.33825562075221893,356.7456081182071,355.5261015337761,384.6218095425354,355.5863393218149,355.44179301100877,83,ASG,0.9730873742505441,0.2757912935448032,0.05323027035609069,,18.848947402741423,0.056504027999960134
15120,2,41,380.110621767904,381.9390293405059,384.29147489609335,378.650536113382,0.2012558320684808,0.2043478027674932,0.20424793440582115,0.20179216074257034,0.19836087011837789,424.6731134413558,422.95425769033386,423.12523478462106,424.37744361497477,426.2205628762261,84,DB,0.8655851018406517,0.44183013101171076,0.04565292519552813,0.21428570000000002,,
30000,1,41,424.67311344135584,422.9542576903339,423.12523478462106,424.3774436149748,0.29232838570702585,0.2889243447137205,0.28454467508987247,0.2950467027257292,0.29503862158706057,380.11062176790404,381.93902934050595,384.2914748960934,378.65053611338203,378.65487672360564,85,SG,1.460997722055931,0.23286574769689256,0.09056208204816171,18.450201403700838,,
30240,3,41,416.2404639745941,415.1508126867846,422.7477705063172,421.9105848586346,0.22506358884436245,0.22709224903353062,0.21294859953786638,0.21450723138036246,0.2154611319544777,416.24046397459404,415.1508126867846,422.7477705063171,421.9105848586346,421.3982176348991,86,DB,1.2301327664446586,0.27315591477468615,0.07112350567428097,0.21475037953400214,,
30960,4,41,376.7421404856329,383.54108138726383,387.8462920009968,390.9172540538108,0.29859966162047835,0.2859417215161959,0.2779264881330258,0.272209119164909,0.2850862752178954,376.74214048563283,383.54108138726383,387.84629200099675,390.9172540538108,384.00056600946516,87,AS,0.886948179038626,0.40554789786280243,0.05021171591001716,,,
13920,4,42,407.3336547072058,407.33231080337697,402.3305558416447,405.4446327888793,0.45613352820476605,0.45067312048255925,0.43416245973312384,0.45543770765168257,0.45669930046922236,292.1262045522956,295.059145385973,303.9274925070272,292.4999496308455,291.8223121212895,88,ASG,1.2731166611721845,0.11101425766062747,0.08673475466335186,,5.855889881032334,0.17046226707525827
16560,1,42,292.12620455229563,295.05914538597307,303.9274925070272,292.49994963084555,0.3017537875719447,0.30415427561690034,0.22436527077067997,0.2976750431708804,0.2976601028874357,375.0479694148545,373.7585987733231,416.61555054273964,377.23877944454586,377.2468042971962,89,DB,1.4592069780498083,0.12856563961599915,0.05562430896392818,0.21428570000000002,,
17280,2,42,375.0479694148545,373.7585987733231,416.6155505427397,377.23877944454586,0.2598942155001576,0.2555142820293631,0.25559549279939764,0.24899295564003954,0.2551361012776966,397.53194029313,399.88452756844276,399.84090694601196,403.38731809802164,400.0876592438601,90,AS,0.32448396600662655,0.5384573526920111,0.001818867966309394,,,
28080,3,42,397.53194029312994,399.8845275684427,399.840906946012,403.3873180980217,0.24164585656194526,0.24164835857724698,0.2509603846174671,0.24516274641932267,0.2455737410384638,407.3336547072058,407.332310803377,402.3305558416447,405.44463278887923,405.2238758486973,91,VS,2.19161030225438,0.006737946999085468,0.12205900170322849,0.116,,
3600,1,43,427.9163607088489,434.3738898966245,437.2309238629573,442.09064141027653,0.18884390547746083,0.17575774095136054,0.16951505611536571,0.16102745433181764,0.20849073717932673,427.91636070884897,434.3738898966245,437.2309238629573,442.09064141027653,416.5968238437595,92,ASG,1.0017861849479792,0.25327199470387046,0.07551480506641885,,10.18038656296972,0.017257688169705528
14640,2,43,299.40095359662183,302.99676105477675,323.3950778447596,299.9302628415771,0.4425897514593794,0.43589525064073875,0.3979186487123643,0.44160430904765335,0.44269165062913207,299.40095359662183,302.9967610547768,323.39507784475956,299.9302628415771,299.34622064423263,93,ASG,1.2241630535361918,0.16036918205937392,0.05540100538331298,,12.588565157743595,0.018041802575647196
19920,3,43,308.5526467536175,309.8695433434121,318.56881395720313,309.78950998913814,0.4255515707324026,0.42309983620516833,0.4069039539385792,0.42324883844234046,0.4231488469240854,308.55264675361747,309.8695433434121,318.56881395720313,309.7895099891382,309.8432182874615,94,AS,1.3655471163161423,0.01765712216138125,0.08171732830513641,,,
25200,4,43,460.1970942204043,449.6772499738478,433.4028359151427,414.3496711885584,0.1432272556731052,0.1628125940818199,0.1931115128940079,0.22858377561779158,0.20102692513866682,460.1970942204043,449.6772499738478,433.40283591514276,414.3496711885585,429.15124208390995,95,SG,1.1899458835342014,0.21872175877318187,0.0797162847987719,10.220796761097382,,
1440,4,45,277.6090805364066,282.83044245507335,320.95865419926815,282.6031635932905,0.42799226466302154,0.42911287062466175,0.41183581362351784,0.43480855480844216,0.4393997247563965,302.4476756800306,301.83622564956516,310.20225411837384,298.7175372757742,296.25156909482496,96,ASG,1.4617001242040109,0.006737946999085468,0.053381916266023496,,18.999999999999996,0.013684188102793957
14400,2,45,402.81230034732147,410.4958019439015,421.2887151709596,412.7233251719907,0.2500634959422087,0.23575872341839715,0.21566499835806485,0.23161162815606184,0.2324796524104668,402.8123003473214,410.4958019439015,421.2887151709597,412.7233251719907,412.25708457057686,97,AS,0.9856266115501899,0.32292030402223254,0.06009553865837886,,,
18960,3,45,420.13685666062815,420.68886153150186,433.0616110228682,407.4590047249645,0.2178094729524662,0.21678177691952744,0.19374678893346642,0.24141248594734266,0.2411758712725987,420.13685666062815,420.68886153150186,433.06161102286825,407.45900472496453,407.58609722001415,98,SG,0.6483544298321938,0.35122811890269046,0.03944719694396758,15.380745677648711,,
25920,1,45,302.4476756800306,301.8362256495652,310.2022541183739,298.7175372757742,0.48316080920900056,0.47343992953296,0.4024546646918369,0.4738630663510382,0.4736382093533099,277.6090805364067,282.8304424550734,320.9586541992682,282.6031635932905,282.72394070443795,99,AS,1.4303580115567316,0.0242095251591742,0.07807593703912363,,,
10080,1,48,406.23811585147223,407.69186391046634,422.7793851662745,404.2921459195789,0.22869670887998333,0.22644132814536352,0.19802083172463703,0.2316839348636489,0.23138589778051033,406.23811585147223,407.6918639104663,422.77938516627444,404.29214591957896,404.46227599822987,100,SG,2.0608637042201057,0.06122702656501695,0.09532964406801507,4.422811443221439,,
24960,4,48,357.6862946663707,362.488799393466,400.0479826595173,368.2613894764412,0.3241329198900396,0.3261538237042236,0.2777839049652229,0.3297734723799488,0.3298613947734635,363.0274987215994,361.94201360416946,387.9228774899051,359.99779699165794,359.9505713646988,101,ASG,0.6878337923536105,0.45301036155169516,0.04252612212803537,,18.999999999999996,0.005435076075917131
26160,2,48,363.02749872159944,361.94201360416946,387.9228774899051,359.99779699165794,0.49213264345511587,0.4731789240215784,0.5005564879652544,0.49230335252754476,0.4922624511503375,270.03068433079,280.0348863907715,265.7114437144934,269.90927783276345,269.93565477071286,102,VS,1.7211915530628012,0.006737946999085468,0.14027158795886085,0.116,,
28320,3,48,270.03068433079,280.0348863907715,265.7114437144934,269.90927783276345,0.33407691587323995,0.32513584430553133,0.2552099692279288,0.31438871463135687,0.33330461144696644,357.6862946663707,362.4887993934659,400.0479826595173,368.2613894764412,358.1011214161454,103,AS,1.4797094121173358,0.02674462212470726,0.0726505735785997,,,
0,2,50,335.5034966116508,339.84486363618004,377.4022437952508,328.7639227561922,0.3032459791071646,0.30558143726390985,0.25757759472330427,0.2841396381261971,0.2963546427974989,370.4680148012159,369.1729524976352,394.78950749774447,380.7618775085793,374.049459148889,104,DB,0.8790331838555481,0.4372657264212354,0.0452424858326878,0.21428570000000002,,
4080,3,50,245.75522076498697,247.42430992523353,242.52346345298855,284.6616142091863,0.3691594782557431,0.3609669444582623,0.2909182927982845,0.38160049468873897,0.38159580213786465,335.50349661165075,339.84486363618004,377.4022437952508,328.7639227561922,328.766441574045,105,SG,1.1966737326888237,0.05127135730854861,0.06087757900502787,10.386238107522137,,
19440,1,50,370.4680148012159,369.1729524976352,394.78950749774447,380.7618775085793,0.5424647883008209,0.5393573586401159,0.5484815181237026,0.4700307423198964,0.469619673890369,245.75522076498697,247.42430992523353,242.52346345298855,284.6616142091863,284.8824107950334,106,VS,1.680117182608722,0.006737946999085468,0.11530948027248945,0.116,,
29760,4,50,377.95451254753584,381.1612679606412,419.6836819948978,397.34721363350695,0.29634252581569553,0.29037234332176703,0.2186531716782806,0.2602381306815075,0.2845583834015648,377.9545125475359,381.1612679606412,419.6836819948978,397.347213633507,384.2841117706331,107,AS,0.32314618714476806,0.5109350290495911,0.001811444299826838,,,
2640,2,51,339.89717350059664,343.23028442632466,346.89083326840336,340.6326954560992,0.4083432714020997,0.40105148042913735,0.4043689061737308,0.4129751754271932,0.4126254302355895,315.89035435714004,319.68617381921075,317.85043320207313,313.2709067660605,313.4560831657741,108,SG,1.635852694644217,0.006737946999085468,0.07994457276113148,15.252441056558396,,
6240,3,51,406.0135058149742,405.1250375332338,401.21557954556494,406.114918691281,0.36719584328885824,0.3609904181985071,0.35417538499521534,0.36582648400292817,0.3675745600177529,339.8971735005965,343.2302844263246,346.89083326840336,340.6326954560992,339.6937539365126,109,ASG,1.3457964620190155,0.20306997701601293,0.07233565873553388,,8.383983836867177,0.27871098628433677
15840,1,51,315.89035435714,319.68617381921075,317.85043320207313,313.2709067660605,0.24410364606892473,0.2457577534449908,0.2530361936850362,0.2439148404692487,0.2475265229505375,406.0135058149742,405.1250375332338,401.21557954556494,406.114918691281,404.1749809491652,110,VS,1.5438000456244168,0.006737946999085468,0.08722255831628689,0.116,,
24000,4,51,388.64014096178505,391.1178153239429,403.9041996485022,393.7621888673561,0.2764485384430829,0.27183572386977384,0.2480306505102183,0.26691255680446757,0.2752664461428639,388.64014096178505,391.1178153239429,403.9041996485022,393.7621888673561,389.2750764744553,111,AS,1.1239691564473766,0.25395361770516933,0.06539189721490482,,,
720,4,52,393.5981998925741,394.20948732733615,433.8854810654028,423.50647274106177,0.4193223313052324,0.4156956446322496,0.3694415504355876,0.4178053199259913,0.41806537065197713,308.30000794636317,310.2995918753191,335.16792056988555,309.0339111448329,308.8884337315857,112,AS,0.32299073244608234,0.5165309921425031,0.001464910739971056,,,
960,1,52,308.30000794636317,310.29959187531915,335.16792056988555,309.0339111448329,0.5165510640831604,0.5037230454842971,0.4655146555922505,0.5240082411144797,0.5235366273769388,259.6742216486638,266.5645165639626,287.0873332847187,255.66875902905588,255.92207622786714,113,SG,1.0343213373943292,0.2158605221359591,0.04716053507204931,15.88435512867726,,
4800,3,52,393.15124676974693,393.62878769042584,439.97561874761914,388.21976693743943,0.26804997932227,0.26716091667872666,0.18087462297016926,0.27723117051748253,0.2780230460870029,393.1512467697468,393.62878769042584,439.97561874761914,388.21976693743943,387.7944279680448,114,ASG,0.5370057972248475,0.32899103884470016,0.025040876607313974,,16.346556428445673,0.01808088986700885
23760,2,52,259.6742216486638,266.5645165639626,287.0873332847187,255.66875902905588,0.2672178635648272,0.2660797981149771,0.19221294744212275,0.21153608432655185,0.1954563768728713,393.5981998925741,394.20948732733615,433.8854810654028,423.50647274106177,432.14334254708194,115,AS,1.0511322656791935,0.01101875054769338,0.06548763520710754,,,
11760,1,54,322.48725084973626,328.0573377789177,321.3197298325397,326.82636646739206,0.3996087972067127,0.389238678132974,0.40178243150063947,0.39153044112324265,0.3923188833274115,322.48725084973626,328.0573377789177,321.3197298325397,326.82636646739206,326.40287165651984,116,VS,1.1648556598227764,0.03482589095391246,0.07579594758209796,0.116,,
12000,3,54,404.7992596934756,401.8721379953014,434.3410884544915,401.0251269444988,0.3024134735719221,0.307812573778956,0.26177695821990365,0.2901580237416371,0.3000579921661245,374.6936332360981,371.79362241860434,396.52066544279324,381.27638512404707,375.9588295271984,117,DB,0.7876768913027835,0.40311132315984644,0.0497463751858033,0.21428570000000002,,
26880,2,54,374.6936332360981,371.79362241860434,396.5206654427932,381.2763851240471,0.24636427090743446,0.25181384484394964,0.19136471958934498,0.25339076914787373,0.2533999759994339,404.7992596934757,401.8721379953014,434.34108845449157,401.0251269444987,401.02018168175204,118,ASG,0.9313506652076147,0.33180419571797326,0.0538690192266274,,18.999999999999996,0.02125523580209831
31200,4,54,408.0748544822882,411.99373543969034,419.3702312770213,396.99684130387095,0.2328668588353617,0.22606803290886518,0.21173645380814793,0.2540312252874003,0.25400189134370416,408.0748544822882,411.9937354396903,419.3702312770213,396.9968413038709,397.0125681469086,119,SG,0.7039703515709842,0.3995274018476174,0.04088889250338304,7.41144450697609,,
3120,3,55,274.2570788371133,272.48421420504144,293.0973933519333,267.61419492013545,0.4786686563560277,0.47956125117153,0.3849358118178866,0.48034502320175393,0.48052334367207206,280.0219440447529,279.5425058937026,330.3685300853184,279.12151956654805,279.02573855247664,120,ASG,1.0948005762262243,0.15415638213998592,0.05596200061086738,,4.5165993108778455,0.01303090917517188
17040,4,55,299.03630026572654,301.52172545352903,328.1292769058829,291.5610138848053,0.45433707356426445,0.4497056597906063,0.3847424294082542,0.4561401646909653,0.4561663307225275,293.09113161251287,295.57879613601995,330.47240129688,292.1226399061453,292.1085853837858,121,ASG,1.4034401138121744,0.007599349674962325,0.07790823506674499,,1.270255561138221,0.0768926447071862
17760,2,55,293.09113161251287,295.57879613601995,330.4724012968799,292.12263990614525,0.48940140423004735,0.4927020380567632,0.45432541575995655,0.5017688049704532,0.5020021306620452,274.2570788371132,272.48421420504144,293.0973933519333,267.61419492013545,267.48886903180784,122,ASG,1.9268603897967718,0.006737946999085468,0.06874035741189494,,8.924704673000733,0.02833819952208333
22800,1,55,280.0219440447529,279.54250589370264,330.36853008531835,279.12151956654805,0.4432686454353798,0.4386414007488828,0.38910474533763795,0.4571857729175971,0.4562864710593042,299.03630026572654,301.521725453529,328.12927690588293,291.5610138848053,292.04405457996484,123,SG,1.1620525183846306,0.1605901171038974,0.054933387228709274,9.427441561354295,,
4560,4,58,388.2640223453116,365.2153451016013,395.66934769691335,370.8559543137926,0.2872193823852788,0.259649950747066,0.24654929082753863,0.30319947753349596,0.280668043798183,382.85481326862407,397.6631418636019,404.6998802137144,374.2714480749137,386.37372420620767,124,SG,1.736187997301305,0.04340507678964843,0.09296827778463927,15.14568448612114,,
6480,3,58,307.9372710044664,311.0032140769448,318.9131391192731,308.7792193187198,0.3417585004121865,0.3414473338540942,0.33300810894820687,0.3479291980857905,0.3506239987119568,353.5602963695776,353.7274328089669,358.2603813707386,350.2458385305433,348.7983842016368,125,ASG,1.4342554409039547,0.01975131125441794,0.07251272596540898,,14.820576038153703,0.04057615442787719
9120,2,58,353.56029636957754,353.7274328089669,358.2603813707386,350.2458385305433,0.419874535289694,0.4138269936509698,0.39816142078985234,0.41748421119622187,0.4193242449080746,307.9372710044664,311.0032140769448,318.9131391192731,308.7792193187198,307.88109359246084,126,ASG,1.3415168013419072,0.09264595333034578,0.0761644575973773,,1.644520799983504,0.09654528538258984
20640,1,58,382.85481326862407,397.6631418636019,404.6998802137144,374.2714480749137,0.2771487779345432,0.3200596930689634,0.2633619005209134,0.30955827901159827,0.27275343323466084,388.2640223453116,365.2153451016013,395.6693476969134,370.8559543137926,390.6248874316211,127,DB,0.7096548632209773,0.42241734619183235,0.02751750954903476,0.21428570000000002,,
1680,2,61,331.301972920018,330.0091822489336,367.3668525742201,325.4856620515579,0.39527111554098304,0.3903519152659991,0.3306497448348807,0.402009024856388,0.40201600236772217,324.81714347463554,327.45938634175,359.52712604632825,321.19802007394196,321.19427225345845,128,ASG,1.0716538211929785,0.27369899026132416,0.045518846760453896,,11.509755564617173,0.035827201105631555
1920,3,61,377.892651330628,380.890493715424,422.28280018574185,392.3391821892675,0.38319797298925884,0.38560482828021103,0.31605412027220736,0.39402649991220867,0.3944085541639256,331.301972920018,330.0091822489336,367.3668525742201,325.48566205155794,325.2804498087095,129,ASG,0.9785291087544375,0.3582202273440929,0.05595882433600461,,17.46322610407628,0.023726121421873764
8640,4,61,360.27382825799793,355.11682645376715,367.7415311633445,352.372364628914,0.29645769604437183,0.29087645774595905,0.2138142588447004,0.269561841974003,0.26955347763349036,377.892651330628,380.89049371542404,422.28280018574185,392.33918218926755,392.3436749152844,130,AS,1.0454504397064561,0.006737946999085468,0.08692110412620896,,,
12240,1,61,324.8171434746356,327.45938634175,359.5271260463283,321.1980200739419,0.32925957068749506,0.33886062780801973,0.3153565617541805,0.3439701344061941,0.3393360005746345,360.27382825799793,355.11682645376715,367.7415311633445,352.37236462891394,354.86149017315347,131,SG,1.5969673129789907,0.006737946999085468,0.08398093243605509,3.8580839315028657,,
